num_newton_steps, optimal_magic_constant, optimal_RMSRE
1, 1593835520, 0.086536
1, 1593839616, 0.086374
1, 1593843712, 0.086213
1, 1593847808, 0.086051
1, 1593851904, 0.085890
1, 1593856000, 0.085729
1, 1593860096, 0.085567
1, 1593864192, 0.085406
1, 1593868288, 0.085245
1, 1593872384, 0.085084
1, 1593876480, 0.084922
1, 1593880576, 0.084761
1, 1593884672, 0.084600
1, 1593888768, 0.084439
1, 1593892864, 0.084278
1, 1593896960, 0.084117
1, 1593901056, 0.083956
1, 1593905152, 0.083796
1, 1593909248, 0.083635
1, 1593913344, 0.083474
1, 1593917440, 0.083314
1, 1593921536, 0.083153
1, 1593925632, 0.082992
1, 1593929728, 0.082832
1, 1593933824, 0.082671
1, 1593937920, 0.082511
1, 1593942016, 0.082351
1, 1593946112, 0.082190
1, 1593950208, 0.082030
1, 1593954304, 0.081869
1, 1593958400, 0.081709
1, 1593962496, 0.081549
1, 1593966592, 0.081389
1, 1593970688, 0.081229
1, 1593974784, 0.081069
1, 1593978880, 0.080909
1, 1593982976, 0.080749
1, 1593987072, 0.080589
1, 1593991168, 0.080429
1, 1593995264, 0.080270
1, 1593999360, 0.080110
1, 1594003456, 0.079951
1, 1594007552, 0.079791
1, 1594011648, 0.079632
1, 1594015744, 0.079472
1, 1594019840, 0.079313
1, 1594023936, 0.079154
1, 1594028032, 0.078994
1, 1594032128, 0.078835
1, 1594036224, 0.078676
1, 1594040320, 0.078517
1, 1594044416, 0.078358
1, 1594048512, 0.078199
1, 1594052608, 0.078041
1, 1594056704, 0.077882
1, 1594060800, 0.077723
1, 1594064896, 0.077565
1, 1594068992, 0.077406
1, 1594073088, 0.077248
1, 1594077184, 0.077089
1, 1594081280, 0.076931
1, 1594085376, 0.076773
1, 1594089472, 0.076615
1, 1594093568, 0.076457
1, 1594097664, 0.076299
1, 1594101760, 0.076141
1, 1594105856, 0.075983
1, 1594109952, 0.075825
1, 1594114048, 0.075667
1, 1594118144, 0.075510
1, 1594122240, 0.075352
1, 1594126336, 0.075194
1, 1594130432, 0.075037
1, 1594134528, 0.074879
1, 1594138624, 0.074722
1, 1594142720, 0.074565
1, 1594146816, 0.074408
1, 1594150912, 0.074250
1, 1594155008, 0.074093
1, 1594159104, 0.073936
1, 1594163200, 0.073780
1, 1594167296, 0.073623
1, 1594171392, 0.073466
1, 1594175488, 0.073309
1, 1594179584, 0.073153
1, 1594183680, 0.072996
1, 1594187776, 0.072839
1, 1594191872, 0.072683
1, 1594195968, 0.072526
1, 1594200064, 0.072370
1, 1594204160, 0.072214
1, 1594208256, 0.072058
1, 1594212352, 0.071901
1, 1594216448, 0.071745
1, 1594220544, 0.071589
1, 1594224640, 0.071433
1, 1594228736, 0.071277
1, 1594232832, 0.071121
1, 1594236928, 0.070966
1, 1594241024, 0.070810
1, 1594245120, 0.070654
1, 1594249216, 0.070499
1, 1594253312, 0.070343
1, 1594257408, 0.070188
1, 1594261504, 0.070032
1, 1594265600, 0.069877
1, 1594269696, 0.069722
1, 1594273792, 0.069567
1, 1594277888, 0.069412
1, 1594281984, 0.069257
1, 1594286080, 0.069102
1, 1594290176, 0.068947
1, 1594294272, 0.068792
1, 1594298368, 0.068638
1, 1594302464, 0.068483
1, 1594306560, 0.068329
1, 1594310656, 0.068174
1, 1594314752, 0.068020
1, 1594318848, 0.067866
1, 1594322944, 0.067712
1, 1594327040, 0.067558
1, 1594331136, 0.067404
1, 1594335232, 0.067250
1, 1594339328, 0.067097
1, 1594343424, 0.066943
1, 1594347520, 0.066790
1, 1594351616, 0.066636
1, 1594355712, 0.066483
1, 1594359808, 0.066330
1, 1594363904, 0.066177
1, 1594368000, 0.066024
1, 1594372096, 0.065871
1, 1594376192, 0.065719
1, 1594380288, 0.065566
1, 1594384384, 0.065414
1, 1594388480, 0.065261
1, 1594392576, 0.065109
1, 1594396672, 0.064957
1, 1594400768, 0.064805
1, 1594404864, 0.064653
1, 1594408960, 0.064501
1, 1594413056, 0.064349
1, 1594417152, 0.064197
1, 1594421248, 0.064046
1, 1594425344, 0.063894
1, 1594429440, 0.063743
1, 1594433536, 0.063592
1, 1594437632, 0.063440
1, 1594441728, 0.063289
1, 1594445824, 0.063139
1, 1594449920, 0.062988
1, 1594454016, 0.062837
1, 1594458112, 0.062686
1, 1594462208, 0.062536
1, 1594466304, 0.062385
1, 1594470400, 0.062235
1, 1594474496, 0.062085
1, 1594478592, 0.061935
1, 1594482688, 0.061785
1, 1594486784, 0.061635
1, 1594490880, 0.061485
1, 1594494976, 0.061335
1, 1594499072, 0.061185
1, 1594503168, 0.061035
1, 1594507264, 0.060886
1, 1594511360, 0.060736
1, 1594515456, 0.060587
1, 1594519552, 0.060438
1, 1594523648, 0.060288
1, 1594527744, 0.060139
1, 1594531840, 0.059990
1, 1594535936, 0.059841
1, 1594540032, 0.059693
1, 1594544128, 0.059544
1, 1594548224, 0.059395
1, 1594552320, 0.059247
1, 1594556416, 0.059098
1, 1594560512, 0.058950
1, 1594564608, 0.058802
1, 1594568704, 0.058654
1, 1594572800, 0.058506
1, 1594576896, 0.058358
1, 1594580992, 0.058211
1, 1594585088, 0.058063
1, 1594589184, 0.057916
1, 1594593280, 0.057769
1, 1594597376, 0.057621
1, 1594601472, 0.057474
1, 1594605568, 0.057327
1, 1594609664, 0.057180
1, 1594613760, 0.057033
1, 1594617856, 0.056886
1, 1594621952, 0.056739
1, 1594626048, 0.056593
1, 1594630144, 0.056446
1, 1594634240, 0.056300
1, 1594638336, 0.056154
1, 1594642432, 0.056008
1, 1594646528, 0.055862
1, 1594650624, 0.055716
1, 1594654720, 0.055570
1, 1594658816, 0.055424
1, 1594662912, 0.055279
1, 1594667008, 0.055133
1, 1594671104, 0.054988
1, 1594675200, 0.054843
1, 1594679296, 0.054698
1, 1594683392, 0.054553
1, 1594687488, 0.054408
1, 1594691584, 0.054263
1, 1594695680, 0.054119
1, 1594699776, 0.053974
1, 1594703872, 0.053830
1, 1594707968, 0.053685
1, 1594712064, 0.053541
1, 1594716160, 0.053397
1, 1594720256, 0.053253
1, 1594724352, 0.053109
1, 1594728448, 0.052966
1, 1594732544, 0.052822
1, 1594736640, 0.052679
1, 1594740736, 0.052535
1, 1594744832, 0.052392
1, 1594748928, 0.052249
1, 1594753024, 0.052106
1, 1594757120, 0.051963
1, 1594761216, 0.051820
1, 1594765312, 0.051677
1, 1594769408, 0.051535
1, 1594773504, 0.051392
1, 1594777600, 0.051250
1, 1594781696, 0.051108
1, 1594785792, 0.050966
1, 1594789888, 0.050824
1, 1594793984, 0.050682
1, 1594798080, 0.050540
1, 1594802176, 0.050399
1, 1594806272, 0.050257
1, 1594810368, 0.050116
1, 1594814464, 0.049975
1, 1594818560, 0.049834
1, 1594822656, 0.049693
1, 1594826752, 0.049552
1, 1594830848, 0.049411
1, 1594834944, 0.049271
1, 1594839040, 0.049130
1, 1594843136, 0.048990
1, 1594847232, 0.048849
1, 1594851328, 0.048709
1, 1594855424, 0.048569
1, 1594859520, 0.048429
1, 1594863616, 0.048290
1, 1594867712, 0.048150
1, 1594871808, 0.048011
1, 1594875904, 0.047871
1, 1594880000, 0.047732
1, 1594884096, 0.047593
1, 1594888192, 0.047454
1, 1594892288, 0.047316
1, 1594896384, 0.047177
1, 1594900480, 0.047039
1, 1594904576, 0.046900
1, 1594908672, 0.046762
1, 1594912768, 0.046624
1, 1594916864, 0.046486
1, 1594920960, 0.046348
1, 1594925056, 0.046210
1, 1594929152, 0.046073
1, 1594933248, 0.045935
1, 1594937344, 0.045798
1, 1594941440, 0.045661
1, 1594945536, 0.045524
1, 1594949632, 0.045387
1, 1594953728, 0.045250
1, 1594957824, 0.045113
1, 1594961920, 0.044976
1, 1594966016, 0.044840
1, 1594970112, 0.044704
1, 1594974208, 0.044567
1, 1594978304, 0.044431
1, 1594982400, 0.044295
1, 1594986496, 0.044160
1, 1594990592, 0.044024
1, 1594994688, 0.043889
1, 1594998784, 0.043753
1, 1595002880, 0.043618
1, 1595006976, 0.043483
1, 1595011072, 0.043348
1, 1595015168, 0.043213
1, 1595019264, 0.043079
1, 1595023360, 0.042944
1, 1595027456, 0.042810
1, 1595031552, 0.042676
1, 1595035648, 0.042542
1, 1595039744, 0.042408
1, 1595043840, 0.042274
1, 1595047936, 0.042141
1, 1595052032, 0.042007
1, 1595056128, 0.041874
1, 1595060224, 0.041741
1, 1595064320, 0.041608
1, 1595068416, 0.041475
1, 1595072512, 0.041343
1, 1595076608, 0.041210
1, 1595080704, 0.041078
1, 1595084800, 0.040946
1, 1595088896, 0.040814
1, 1595092992, 0.040682
1, 1595097088, 0.040551
1, 1595101184, 0.040419
1, 1595105280, 0.040288
1, 1595109376, 0.040156
1, 1595113472, 0.040025
1, 1595117568, 0.039895
1, 1595121664, 0.039764
1, 1595125760, 0.039633
1, 1595129856, 0.039503
1, 1595133952, 0.039373
1, 1595138048, 0.039243
1, 1595142144, 0.039113
1, 1595146240, 0.038983
1, 1595150336, 0.038854
1, 1595154432, 0.038724
1, 1595158528, 0.038595
1, 1595162624, 0.038466
1, 1595166720, 0.038337
1, 1595170816, 0.038209
1, 1595174912, 0.038080
1, 1595179008, 0.037952
1, 1595183104, 0.037823
1, 1595187200, 0.037695
1, 1595191296, 0.037568
1, 1595195392, 0.037440
1, 1595199488, 0.037312
1, 1595203584, 0.037185
1, 1595207680, 0.037058
1, 1595211776, 0.036931
1, 1595215872, 0.036804
1, 1595219968, 0.036677
1, 1595224064, 0.036551
1, 1595228160, 0.036424
1, 1595232256, 0.036298
1, 1595236352, 0.036172
1, 1595240448, 0.036047
1, 1595244544, 0.035921
1, 1595248640, 0.035796
1, 1595252736, 0.035670
1, 1595256832, 0.035545
1, 1595260928, 0.035420
1, 1595265024, 0.035296
1, 1595269120, 0.035171
1, 1595273216, 0.035047
1, 1595277312, 0.034923
1, 1595281408, 0.034799
1, 1595285504, 0.034675
1, 1595289600, 0.034552
1, 1595293696, 0.034428
1, 1595297792, 0.034305
1, 1595301888, 0.034182
1, 1595305984, 0.034059
1, 1595310080, 0.033936
1, 1595314176, 0.033813
1, 1595318272, 0.033691
1, 1595322368, 0.033569
1, 1595326464, 0.033447
1, 1595330560, 0.033325
1, 1595334656, 0.033204
1, 1595338752, 0.033082
1, 1595342848, 0.032961
1, 1595346944, 0.032840
1, 1595351040, 0.032719
1, 1595355136, 0.032599
1, 1595359232, 0.032478
1, 1595363328, 0.032358
1, 1595367424, 0.032238
1, 1595371520, 0.032118
1, 1595375616, 0.031998
1, 1595379712, 0.031879
1, 1595383808, 0.031759
1, 1595387904, 0.031640
1, 1595392000, 0.031521
1, 1595396096, 0.031402
1, 1595400192, 0.031284
1, 1595404288, 0.031165
1, 1595408384, 0.031047
1, 1595412480, 0.030929
1, 1595416576, 0.030811
1, 1595420672, 0.030694
1, 1595424768, 0.030576
1, 1595428864, 0.030459
1, 1595432960, 0.030342
1, 1595437056, 0.030225
1, 1595441152, 0.030108
1, 1595445248, 0.029992
1, 1595449344, 0.029876
1, 1595453440, 0.029759
1, 1595457536, 0.029643
1, 1595461632, 0.029528
1, 1595465728, 0.029412
1, 1595469824, 0.029297
1, 1595473920, 0.029181
1, 1595478016, 0.029066
1, 1595482112, 0.028951
1, 1595486208, 0.028837
1, 1595490304, 0.028722
1, 1595494400, 0.028608
1, 1595498496, 0.028494
1, 1595502592, 0.028380
1, 1595506688, 0.028267
1, 1595510784, 0.028153
1, 1595514880, 0.028040
1, 1595518976, 0.027927
1, 1595523072, 0.027814
1, 1595527168, 0.027701
1, 1595531264, 0.027589
1, 1595535360, 0.027476
1, 1595539456, 0.027364
1, 1595543552, 0.027252
1, 1595547648, 0.027141
1, 1595551744, 0.027029
1, 1595555840, 0.026918
1, 1595559936, 0.026807
1, 1595564032, 0.026696
1, 1595568128, 0.026585
1, 1595572224, 0.026475
1, 1595576320, 0.026364
1, 1595580416, 0.026254
1, 1595584512, 0.026144
1, 1595588608, 0.026035
1, 1595592704, 0.025925
1, 1595596800, 0.025816
1, 1595600896, 0.025707
1, 1595604992, 0.025598
1, 1595609088, 0.025489
1, 1595613184, 0.025381
1, 1595617280, 0.025273
1, 1595621376, 0.025165
1, 1595625472, 0.025057
1, 1595629568, 0.024949
1, 1595633664, 0.024842
1, 1595637760, 0.024735
1, 1595641856, 0.024628
1, 1595645952, 0.024521
1, 1595650048, 0.024414
1, 1595654144, 0.024308
1, 1595658240, 0.024202
1, 1595662336, 0.024096
1, 1595666432, 0.023990
1, 1595670528, 0.023885
1, 1595674624, 0.023779
1, 1595678720, 0.023674
1, 1595682816, 0.023569
1, 1595686912, 0.023465
1, 1595691008, 0.023360
1, 1595695104, 0.023256
1, 1595699200, 0.023152
1, 1595703296, 0.023048
1, 1595707392, 0.022945
1, 1595711488, 0.022841
1, 1595715584, 0.022738
1, 1595719680, 0.022635
1, 1595723776, 0.022532
1, 1595727872, 0.022430
1, 1595731968, 0.022328
1, 1595736064, 0.022226
1, 1595740160, 0.022124
1, 1595744256, 0.022022
1, 1595748352, 0.021921
1, 1595752448, 0.021819
1, 1595756544, 0.021718
1, 1595760640, 0.021618
1, 1595764736, 0.021517
1, 1595768832, 0.021417
1, 1595772928, 0.021316
1, 1595777024, 0.021216
1, 1595781120, 0.021117
1, 1595785216, 0.021017
1, 1595789312, 0.020918
1, 1595793408, 0.020819
1, 1595797504, 0.020720
1, 1595801600, 0.020622
1, 1595805696, 0.020523
1, 1595809792, 0.020425
1, 1595813888, 0.020328
1, 1595817984, 0.020230
1, 1595822080, 0.020133
1, 1595826176, 0.020035
1, 1595830272, 0.019938
1, 1595834368, 0.019842
1, 1595838464, 0.019745
1, 1595842560, 0.019649
1, 1595846656, 0.019553
1, 1595850752, 0.019457
1, 1595854848, 0.019361
1, 1595858944, 0.019266
1, 1595863040, 0.019171
1, 1595867136, 0.019076
1, 1595871232, 0.018981
1, 1595875328, 0.018886
1, 1595879424, 0.018792
1, 1595883520, 0.018698
1, 1595887616, 0.018604
1, 1595891712, 0.018511
1, 1595895808, 0.018417
1, 1595899904, 0.018324
1, 1595904000, 0.018231
1, 1595908096, 0.018139
1, 1595912192, 0.018046
1, 1595916288, 0.017954
1, 1595920384, 0.017862
1, 1595924480, 0.017770
1, 1595928576, 0.017678
1, 1595932672, 0.017587
1, 1595936768, 0.017496
1, 1595940864, 0.017405
1, 1595944960, 0.017314
1, 1595949056, 0.017223
1, 1595953152, 0.017133
1, 1595957248, 0.017043
1, 1595961344, 0.016953
1, 1595965440, 0.016864
1, 1595969536, 0.016774
1, 1595973632, 0.016685
1, 1595977728, 0.016596
1, 1595981824, 0.016508
1, 1595985920, 0.016419
1, 1595990016, 0.016331
1, 1595994112, 0.016243
1, 1595998208, 0.016156
1, 1596002304, 0.016068
1, 1596006400, 0.015981
1, 1596010496, 0.015894
1, 1596014592, 0.015807
1, 1596018688, 0.015720
1, 1596022784, 0.015634
1, 1596026880, 0.015547
1, 1596030976, 0.015461
1, 1596035072, 0.015376
1, 1596039168, 0.015290
1, 1596043264, 0.015205
1, 1596047360, 0.015120
1, 1596051456, 0.015035
1, 1596055552, 0.014951
1, 1596059648, 0.014866
1, 1596063744, 0.014782
1, 1596067840, 0.014698
1, 1596071936, 0.014614
1, 1596076032, 0.014531
1, 1596080128, 0.014448
1, 1596084224, 0.014365
1, 1596088320, 0.014282
1, 1596092416, 0.014200
1, 1596096512, 0.014118
1, 1596100608, 0.014036
1, 1596104704, 0.013954
1, 1596108800, 0.013873
1, 1596112896, 0.013791
1, 1596116992, 0.013710
1, 1596121088, 0.013629
1, 1596125184, 0.013549
1, 1596129280, 0.013469
1, 1596133376, 0.013388
1, 1596137472, 0.013309
1, 1596141568, 0.013229
1, 1596145664, 0.013150
1, 1596149760, 0.013071
1, 1596153856, 0.012992
1, 1596157952, 0.012913
1, 1596162048, 0.012835
1, 1596166144, 0.012757
1, 1596170240, 0.012679
1, 1596174336, 0.012601
1, 1596178432, 0.012524
1, 1596182528, 0.012447
1, 1596186624, 0.012370
1, 1596190720, 0.012293
1, 1596194816, 0.012217
1, 1596198912, 0.012141
1, 1596203008, 0.012065
1, 1596207104, 0.011989
1, 1596211200, 0.011914
1, 1596215296, 0.011839
1, 1596219392, 0.011764
1, 1596223488, 0.011689
1, 1596227584, 0.011615
1, 1596231680, 0.011540
1, 1596235776, 0.011467
1, 1596239872, 0.011393
1, 1596243968, 0.011319
1, 1596248064, 0.011246
1, 1596252160, 0.011173
1, 1596256256, 0.011101
1, 1596260352, 0.011028
1, 1596264448, 0.010956
1, 1596268544, 0.010884
1, 1596272640, 0.010813
1, 1596276736, 0.010741
1, 1596280832, 0.010670
1, 1596284928, 0.010599
1, 1596289024, 0.010529
1, 1596293120, 0.010458
1, 1596297216, 0.010388
1, 1596301312, 0.010318
1, 1596305408, 0.010249
1, 1596309504, 0.010180
1, 1596313600, 0.010111
1, 1596317696, 0.010042
1, 1596321792, 0.009974
1, 1596325888, 0.009905
1, 1596329984, 0.009838
1, 1596334080, 0.009770
1, 1596338176, 0.009703
1, 1596342272, 0.009636
1, 1596346368, 0.009569
1, 1596350464, 0.009502
1, 1596354560, 0.009436
1, 1596358656, 0.009369
1, 1596362752, 0.009304
1, 1596366848, 0.009238
1, 1596370944, 0.009173
1, 1596375040, 0.009107
1, 1596379136, 0.009043
1, 1596383232, 0.008978
1, 1596387328, 0.008913
1, 1596391424, 0.008849
1, 1596395520, 0.008785
1, 1596399616, 0.008722
1, 1596403712, 0.008658
1, 1596407808, 0.008595
1, 1596411904, 0.008532
1, 1596416000, 0.008470
1, 1596420096, 0.008407
1, 1596424192, 0.008345
1, 1596428288, 0.008283
1, 1596432384, 0.008222
1, 1596436480, 0.008161
1, 1596440576, 0.008100
1, 1596444672, 0.008039
1, 1596448768, 0.007979
1, 1596452864, 0.007919
1, 1596456960, 0.007859
1, 1596461056, 0.007800
1, 1596465152, 0.007740
1, 1596469248, 0.007682
1, 1596473344, 0.007623
1, 1596477440, 0.007564
1, 1596481536, 0.007506
1, 1596485632, 0.007448
1, 1596489728, 0.007391
1, 1596493824, 0.007333
1, 1596497920, 0.007276
1, 1596502016, 0.007220
1, 1596506112, 0.007163
1, 1596510208, 0.007107
1, 1596514304, 0.007051
1, 1596518400, 0.006995
1, 1596522496, 0.006940
1, 1596526592, 0.006884
1, 1596530688, 0.006829
1, 1596534784, 0.006775
1, 1596538880, 0.006721
1, 1596542976, 0.006666
1, 1596547072, 0.006613
1, 1596551168, 0.006559
1, 1596555264, 0.006506
1, 1596559360, 0.006453
1, 1596563456, 0.006400
1, 1596567552, 0.006348
1, 1596571648, 0.006296
1, 1596575744, 0.006244
1, 1596579840, 0.006193
1, 1596583936, 0.006141
1, 1596588032, 0.006090
1, 1596592128, 0.006040
1, 1596596224, 0.005989
1, 1596600320, 0.005939
1, 1596604416, 0.005889
1, 1596608512, 0.005839
1, 1596612608, 0.005790
1, 1596616704, 0.005741
1, 1596620800, 0.005692
1, 1596624896, 0.005644
1, 1596628992, 0.005595
1, 1596633088, 0.005547
1, 1596637184, 0.005500
1, 1596641280, 0.005452
1, 1596645376, 0.005405
1, 1596649472, 0.005358
1, 1596653568, 0.005312
1, 1596657664, 0.005266
1, 1596661760, 0.005220
1, 1596665856, 0.005174
1, 1596669952, 0.005129
1, 1596674048, 0.005083
1, 1596678144, 0.005039
1, 1596682240, 0.004994
1, 1596686336, 0.004950
1, 1596690432, 0.004906
1, 1596694528, 0.004862
1, 1596698624, 0.004819
1, 1596702720, 0.004775
1, 1596706816, 0.004732
1, 1596710912, 0.004690
1, 1596715008, 0.004647
1, 1596719104, 0.004605
1, 1596723200, 0.004564
1, 1596727296, 0.004522
1, 1596731392, 0.004481
1, 1596735488, 0.004440
1, 1596739584, 0.004399
1, 1596743680, 0.004359
1, 1596747776, 0.004319
1, 1596751872, 0.004279
1, 1596755968, 0.004239
1, 1596760064, 0.004200
1, 1596764160, 0.004161
1, 1596768256, 0.004122
1, 1596772352, 0.004083
1, 1596776448, 0.004045
1, 1596780544, 0.004007
1, 1596784640, 0.003970
1, 1596788736, 0.003932
1, 1596792832, 0.003895
1, 1596796928, 0.003858
1, 1596801024, 0.003821
1, 1596805120, 0.003785
1, 1596809216, 0.003749
1, 1596813312, 0.003713
1, 1596817408, 0.003677
1, 1596821504, 0.003642
1, 1596825600, 0.003607
1, 1596829696, 0.003572
1, 1596833792, 0.003537
1, 1596837888, 0.003503
1, 1596841984, 0.003469
1, 1596846080, 0.003435
1, 1596850176, 0.003401
1, 1596854272, 0.003368
1, 1596858368, 0.003335
1, 1596862464, 0.003302
1, 1596866560, 0.003270
1, 1596870656, 0.003237
1, 1596874752, 0.003205
1, 1596878848, 0.003173
1, 1596882944, 0.003142
1, 1596887040, 0.003110
1, 1596891136, 0.003079
1, 1596895232, 0.003048
1, 1596899328, 0.003017
1, 1596903424, 0.002987
1, 1596907520, 0.002957
1, 1596911616, 0.002927
1, 1596915712, 0.002897
1, 1596919808, 0.002867
1, 1596923904, 0.002838
1, 1596928000, 0.002809
1, 1596932096, 0.002780
1, 1596936192, 0.002752
1, 1596940288, 0.002723
1, 1596944384, 0.002695
1, 1596948480, 0.002667
1, 1596952576, 0.002640
1, 1596956672, 0.002612
1, 1596960768, 0.002585
1, 1596964864, 0.002558
1, 1596968960, 0.002531
1, 1596973056, 0.002505
1, 1596977152, 0.002479
1, 1596981248, 0.002453
1, 1596985344, 0.002427
1, 1596989440, 0.002401
1, 1596993536, 0.002376
1, 1596997632, 0.002351
1, 1597001728, 0.002326
1, 1597005824, 0.002301
1, 1597009920, 0.002276
1, 1597014016, 0.002252
1, 1597018112, 0.002228
1, 1597022208, 0.002204
1, 1597026304, 0.002180
1, 1597030400, 0.002156
1, 1597034496, 0.002133
1, 1597038592, 0.002110
1, 1597042688, 0.002086
1, 1597046784, 0.002064
1, 1597050880, 0.002041
1, 1597054976, 0.002019
1, 1597059072, 0.001996
1, 1597063168, 0.001974
1, 1597067264, 0.001952
1, 1597071360, 0.001931
1, 1597075456, 0.001909
1, 1597079552, 0.001888
1, 1597083648, 0.001866
1, 1597087744, 0.001845
1, 1597091840, 0.001824
1, 1597095936, 0.001804
1, 1597100032, 0.001783
1, 1597104128, 0.001763
1, 1597108224, 0.001743
1, 1597112320, 0.001722
1, 1597116416, 0.001703
1, 1597120512, 0.001683
1, 1597124608, 0.001663
1, 1597128704, 0.001644
1, 1597132800, 0.001624
1, 1597136896, 0.001605
1, 1597140992, 0.001586
1, 1597145088, 0.001567
1, 1597149184, 0.001549
1, 1597153280, 0.001530
1, 1597157376, 0.001512
1, 1597161472, 0.001494
1, 1597165568, 0.001476
1, 1597169664, 0.001458
1, 1597173760, 0.001440
1, 1597177856, 0.001423
1, 1597181952, 0.001406
1, 1597186048, 0.001388
1, 1597190144, 0.001371
1, 1597194240, 0.001354
1, 1597198336, 0.001338
1, 1597202432, 0.001321
1, 1597206528, 0.001305
1, 1597210624, 0.001289
1, 1597214720, 0.001273
1, 1597218816, 0.001257
1, 1597222912, 0.001242
1, 1597227008, 0.001227
1, 1597231104, 0.001211
1, 1597235200, 0.001197
1, 1597239296, 0.001182
1, 1597243392, 0.001168
1, 1597247488, 0.001154
1, 1597251584, 0.001140
1, 1597255680, 0.001126
1, 1597259776, 0.001113
1, 1597263872, 0.001100
1, 1597267968, 0.001087
1, 1597272064, 0.001075
1, 1597276160, 0.001063
1, 1597280256, 0.001051
1, 1597284352, 0.001039
1, 1597288448, 0.001028
1, 1597292544, 0.001018
1, 1597296640, 0.001007
1, 1597300736, 0.000997
1, 1597304832, 0.000988
1, 1597308928, 0.000979
1, 1597313024, 0.000970
1, 1597317120, 0.000962
1, 1597321216, 0.000955
1, 1597325312, 0.000948
1, 1597329408, 0.000941
1, 1597333504, 0.000935
1, 1597337600, 0.000930
1, 1597341696, 0.000925
1, 1597345792, 0.000921
1, 1597349888, 0.000917
1, 1597353984, 0.000914
1, 1597358080, 0.000912
1, 1597362176, 0.000910
1, 1597366272, 0.000909
1, 1597370368, 0.000909
1, 1597374464, 0.000910
1, 1597378560, 0.000911
1, 1597382656, 0.000913
1, 1597386752, 0.000916
1, 1597390848, 0.000919
1, 1597394944, 0.000923
1, 1597399040, 0.000928
1, 1597403136, 0.000934
1, 1597407232, 0.000940
1, 1597411328, 0.000947
1, 1597415424, 0.000955
1, 1597419520, 0.000964
1, 1597423616, 0.000974
1, 1597427712, 0.000984
1, 1597431808, 0.000995
1, 1597435904, 0.001006
1, 1597440000, 0.001019
1, 1597444096, 0.001032
1, 1597448192, 0.001046
1, 1597452288, 0.001060
1, 1597456384, 0.001075
1, 1597460480, 0.001091
1, 1597464576, 0.001108
1, 1597468672, 0.001125
1, 1597472768, 0.001143
1, 1597476864, 0.001161
1, 1597480960, 0.001180
1, 1597485056, 0.001200
1, 1597489152, 0.001220
1, 1597493248, 0.001241
1, 1597497344, 0.001262
1, 1597501440, 0.001284
1, 1597505536, 0.001307
1, 1597509632, 0.001330
1, 1597513728, 0.001354
1, 1597517824, 0.001378
1, 1597521920, 0.001402
1, 1597526016, 0.001428
1, 1597530112, 0.001453
1, 1597534208, 0.001479
1, 1597538304, 0.001506
1, 1597542400, 0.001533
1, 1597546496, 0.001561
1, 1597550592, 0.001589
1, 1597554688, 0.001617
1, 1597558784, 0.001646
1, 1597562880, 0.001676
1, 1597566976, 0.001705
1, 1597571072, 0.001736
1, 1597575168, 0.001766
1, 1597579264, 0.001797
1, 1597583360, 0.001829
1, 1597587456, 0.001861
1, 1597591552, 0.001893
1, 1597595648, 0.001926
1, 1597599744, 0.001959
1, 1597603840, 0.001993
1, 1597607936, 0.002027
1, 1597612032, 0.002061
1, 1597616128, 0.002096
1, 1597620224, 0.002131
1, 1597624320, 0.002167
1, 1597628416, 0.002203
1, 1597632512, 0.002239
1, 1597636608, 0.002276
1, 1597640704, 0.002313
1, 1597644800, 0.002351
1, 1597648896, 0.002389
1, 1597652992, 0.002427
1, 1597657088, 0.002466
1, 1597661184, 0.002505
1, 1597665280, 0.002544
1, 1597669376, 0.002584
1, 1597673472, 0.002624
1, 1597677568, 0.002665
1, 1597681664, 0.002706
1, 1597685760, 0.002747
1, 1597689856, 0.002789
1, 1597693952, 0.002831
1, 1597698048, 0.002873
1, 1597702144, 0.002916
1, 1597706240, 0.002959
1, 1597710336, 0.003003
1, 1597714432, 0.003047
1, 1597718528, 0.003091
1, 1597722624, 0.003136
1, 1597726720, 0.003181
1, 1597730816, 0.003226
1, 1597734912, 0.003272
1, 1597739008, 0.003318
1, 1597743104, 0.003364
1, 1597747200, 0.003411
1, 1597751296, 0.003459
1, 1597755392, 0.003506
1, 1597759488, 0.003554
1, 1597763584, 0.003603
1, 1597767680, 0.003651
1, 1597771776, 0.003701
1, 1597775872, 0.003750
1, 1597779968, 0.003800
1, 1597784064, 0.003850
1, 1597788160, 0.003901
1, 1597792256, 0.003952
1, 1597796352, 0.004003
1, 1597800448, 0.004055
1, 1597804544, 0.004107
1, 1597808640, 0.004159
1, 1597812736, 0.004212
1, 1597816832, 0.004265
1, 1597820928, 0.004319
1, 1597825024, 0.004373
1, 1597829120, 0.004427
1, 1597833216, 0.004482
1, 1597837312, 0.004537
1, 1597841408, 0.004593
1, 1597845504, 0.004648
1, 1597849600, 0.004705
1, 1597853696, 0.004761
1, 1597857792, 0.004818
1, 1597861888, 0.004876
1, 1597865984, 0.004933
1, 1597870080, 0.004991
1, 1597874176, 0.005050
1, 1597878272, 0.005109
1, 1597882368, 0.005168
1, 1597886464, 0.005228
1, 1597890560, 0.005288
1, 1597894656, 0.005348
1, 1597898752, 0.005409
1, 1597902848, 0.005470
1, 1597906944, 0.005532
1, 1597911040, 0.005594
1, 1597915136, 0.005656
1, 1597919232, 0.005719
1, 1597923328, 0.005782
1, 1597927424, 0.005845
1, 1597931520, 0.005909
1, 1597935616, 0.005973
1, 1597939712, 0.006038
1, 1597943808, 0.006103
1, 1597947904, 0.006169
1, 1597952000, 0.006234
1, 1597956096, 0.006301
1, 1597960192, 0.006367
1, 1597964288, 0.006434
1, 1597968384, 0.006502
1, 1597972480, 0.006569
1, 1597976576, 0.006638
1, 1597980672, 0.006706
1, 1597984768, 0.006775
1, 1597988864, 0.006845
1, 1597992960, 0.006914
1, 1597997056, 0.006984
1, 1598001152, 0.007055
1, 1598005248, 0.007126
1, 1598009344, 0.007197
1, 1598013440, 0.007269
1, 1598017536, 0.007341
1, 1598021632, 0.007414
1, 1598025728, 0.007487
1, 1598029824, 0.007560
1, 1598033920, 0.007634
1, 1598038016, 0.007708
1, 1598042112, 0.007782
1, 1598046208, 0.007857
1, 1598050304, 0.007933
1, 1598054400, 0.008008
1, 1598058496, 0.008085
1, 1598062592, 0.008161
1, 1598066688, 0.008238
1, 1598070784, 0.008315
1, 1598074880, 0.008393
1, 1598078976, 0.008471
1, 1598083072, 0.008550
1, 1598087168, 0.008629
1, 1598091264, 0.008708
1, 1598095360, 0.008788
1, 1598099456, 0.008868
1, 1598103552, 0.008949
1, 1598107648, 0.009030
1, 1598111744, 0.009111
1, 1598115840, 0.009193
1, 1598119936, 0.009276
1, 1598124032, 0.009358
1, 1598128128, 0.009441
1, 1598132224, 0.009525
1, 1598136320, 0.009609
1, 1598140416, 0.009693
1, 1598144512, 0.009778
1, 1598148608, 0.009863
1, 1598152704, 0.009949
1, 1598156800, 0.010035
1, 1598160896, 0.010121
1, 1598164992, 0.010208
1, 1598169088, 0.010295
1, 1598173184, 0.010383
1, 1598177280, 0.010471
1, 1598181376, 0.010559
1, 1598185472, 0.010648
1, 1598189568, 0.010738
1, 1598193664, 0.010827
1, 1598197760, 0.010918
1, 1598201856, 0.011008
1, 1598205952, 0.011099
1, 1598210048, 0.011191
1, 1598214144, 0.011283
1, 1598218240, 0.011375
1, 1598222336, 0.011468
1, 1598226432, 0.011561
1, 1598230528, 0.011655
1, 1598234624, 0.011749
1, 1598238720, 0.011843
1, 1598242816, 0.011938
1, 1598246912, 0.012033
1, 1598251008, 0.012129
1, 1598255104, 0.012225
1, 1598259200, 0.012322
1, 1598263296, 0.012419
1, 1598267392, 0.012516
1, 1598271488, 0.012614
1, 1598275584, 0.012713
1, 1598279680, 0.012811
1, 1598283776, 0.012911
1, 1598287872, 0.013010
1, 1598291968, 0.013110
1, 1598296064, 0.013211
1, 1598300160, 0.013312
1, 1598304256, 0.013413
1, 1598308352, 0.013515
1, 1598312448, 0.013617
1, 1598316544, 0.013720
1, 1598320640, 0.013823
1, 1598324736, 0.013927
1, 1598328832, 0.014031
1, 1598332928, 0.014136
1, 1598337024, 0.014240
1, 1598341120, 0.014346
1, 1598345216, 0.014452
1, 1598349312, 0.014558
1, 1598353408, 0.014665
1, 1598357504, 0.014772
1, 1598361600, 0.014880
1, 1598365696, 0.014988
1, 1598369792, 0.015096
1, 1598373888, 0.015205
1, 1598377984, 0.015315
1, 1598382080, 0.015425
1, 1598386176, 0.015535
1, 1598390272, 0.015646
1, 1598394368, 0.015757
1, 1598398464, 0.015869
1, 1598402560, 0.015981
1, 1598406656, 0.016094
1, 1598410752, 0.016207
1, 1598414848, 0.016321
1, 1598418944, 0.016435
1, 1598423040, 0.016549
1, 1598427136, 0.016664
1, 1598431232, 0.016779
1, 1598435328, 0.016895
1, 1598439424, 0.017012
1, 1598443520, 0.017129
1, 1598447616, 0.017246
1, 1598451712, 0.017364
1, 1598455808, 0.017482
1, 1598459904, 0.017601
1, 1598464000, 0.017720
1, 1598468096, 0.017839
1, 1598472192, 0.017960
1, 1598476288, 0.018080
1, 1598480384, 0.018201
1, 1598484480, 0.018323
1, 1598488576, 0.018445
1, 1598492672, 0.018567
1, 1598496768, 0.018690
1, 1598500864, 0.018814
1, 1598504960, 0.018938
1, 1598509056, 0.019062
1, 1598513152, 0.019187
1, 1598517248, 0.019312
1, 1598521344, 0.019438
1, 1598525440, 0.019564
1, 1598529536, 0.019691
1, 1598533632, 0.019818
1, 1598537728, 0.019946
1, 1598541824, 0.020074
1, 1598545920, 0.020203
1, 1598550016, 0.020332
1, 1598554112, 0.020462
1, 1598558208, 0.020592
1, 1598562304, 0.020723
1, 1598566400, 0.020854
1, 1598570496, 0.020986
1, 1598574592, 0.021118
1, 1598578688, 0.021251
1, 1598582784, 0.021384
1, 1598586880, 0.021518
1, 1598590976, 0.021652
1, 1598595072, 0.021786
1, 1598599168, 0.021921
1, 1598603264, 0.022057
1, 1598607360, 0.022193
1, 1598611456, 0.022330
1, 1598615552, 0.022467
1, 1598619648, 0.022605
1, 1598623744, 0.022743
1, 1598627840, 0.022882
1, 1598631936, 0.023021
1, 1598636032, 0.023160
1, 1598640128, 0.023300
1, 1598644224, 0.023441
1, 1598648320, 0.023582
1, 1598652416, 0.023724
1, 1598656512, 0.023866
1, 1598660608, 0.024009
1, 1598664704, 0.024152
1, 1598668800, 0.024296
1, 1598672896, 0.024440
1, 1598676992, 0.024585
1, 1598681088, 0.024730
1, 1598685184, 0.024876
1, 1598689280, 0.025022
1, 1598693376, 0.025169
1, 1598697472, 0.025317
1, 1598701568, 0.025465
1, 1598705664, 0.025613
1, 1598709760, 0.025762
1, 1598713856, 0.025911
1, 1598717952, 0.026061
1, 1598722048, 0.026212
1, 1598726144, 0.026363
1, 1598730240, 0.026515
1, 1598734336, 0.026667
1, 1598738432, 0.026819
1, 1598742528, 0.026973
1, 1598746624, 0.027126
1, 1598750720, 0.027280
1, 1598754816, 0.027435
1, 1598758912, 0.027590
1, 1598763008, 0.027746
1, 1598767104, 0.027903
1, 1598771200, 0.028060
1, 1598775296, 0.028217
1, 1598779392, 0.028375
1, 1598783488, 0.028533
1, 1598787584, 0.028692
1, 1598791680, 0.028852
1, 1598795776, 0.029012
1, 1598799872, 0.029173
1, 1598803968, 0.029334
1, 1598808064, 0.029496
1, 1598812160, 0.029658
1, 1598816256, 0.029821
1, 1598820352, 0.029985
1, 1598824448, 0.030149
1, 1598828544, 0.030313
1, 1598832640, 0.030478
1, 1598836736, 0.030644
1, 1598840832, 0.030810
1, 1598844928, 0.030977
1, 1598849024, 0.031144
1, 1598853120, 0.031312
1, 1598857216, 0.031480
1, 1598861312, 0.031649
1, 1598865408, 0.031818
1, 1598869504, 0.031988
1, 1598873600, 0.032159
1, 1598877696, 0.032330
1, 1598881792, 0.032502
1, 1598885888, 0.032674
1, 1598889984, 0.032847
1, 1598894080, 0.033020
1, 1598898176, 0.033194
1, 1598902272, 0.033369
1, 1598906368, 0.033544
1, 1598910464, 0.033720
1, 1598914560, 0.033896
1, 1598918656, 0.034073
1, 1598922752, 0.034250
1, 1598926848, 0.034428
1, 1598930944, 0.034606
1, 1598935040, 0.034785
1, 1598939136, 0.034965
1, 1598943232, 0.035145
1, 1598947328, 0.035326
1, 1598951424, 0.035507
1, 1598955520, 0.035689
1, 1598959616, 0.035872
1, 1598963712, 0.036055
1, 1598967808, 0.036238
1, 1598971904, 0.036423
1, 1598976000, 0.036608
1, 1598980096, 0.036793
1, 1598984192, 0.036979
1, 1598988288, 0.037166
1, 1598992384, 0.037353
1, 1598996480, 0.037541
1, 1599000576, 0.037729
1, 1599004672, 0.037918
1, 1599008768, 0.038108
1, 1599012864, 0.038298
1, 1599016960, 0.038488
1, 1599021056, 0.038680
1, 1599025152, 0.038872
1, 1599029248, 0.039064
1, 1599033344, 0.039257
1, 1599037440, 0.039451
1, 1599041536, 0.039645
1, 1599045632, 0.039840
1, 1599049728, 0.040036
1, 1599053824, 0.040232
1, 1599057920, 0.040429
1, 1599062016, 0.040626
1, 1599066112, 0.040824
1, 1599070208, 0.041022
1, 1599074304, 0.041222
1, 1599078400, 0.041421
1, 1599082496, 0.041622
1, 1599086592, 0.041823
1, 1599090688, 0.042024
1, 1599094784, 0.042227
1, 1599098880, 0.042429
1, 1599102976, 0.042633
1, 1599107072, 0.042837
1, 1599111168, 0.043041
1, 1599115264, 0.043247
1, 1599119360, 0.043452
1, 1599123456, 0.043659
1, 1599127552, 0.043866
1, 1599131648, 0.044074
1, 1599135744, 0.044282
1, 1599139840, 0.044491
1, 1599143936, 0.044701
1, 1599148032, 0.044911
1, 1599152128, 0.045122
1, 1599156224, 0.045333
1, 1599160320, 0.045545
1, 1599164416, 0.045758
1, 1599168512, 0.045971
1, 1599172608, 0.046185
1, 1599176704, 0.046400
1, 1599180800, 0.046615
1, 1599184896, 0.046831
1, 1599188992, 0.047047
1, 1599193088, 0.047265
1, 1599197184, 0.047482
1, 1599201280, 0.047701
1, 1599205376, 0.047920
1, 1599209472, 0.048140
1, 1599213568, 0.048360
1, 1599217664, 0.048581
1, 1599221760, 0.048803
1, 1599225856, 0.049025
1, 1599229952, 0.049248
1, 1599234048, 0.049472
1, 1599238144, 0.049696
1, 1599242240, 0.049921
1, 1599246336, 0.050147
1, 1599250432, 0.050373
1, 1599254528, 0.050600
1, 1599258624, 0.050827
1, 1599262720, 0.051056
1, 1599266816, 0.051284
1, 1599270912, 0.051514
1, 1599275008, 0.051744
1, 1599279104, 0.051975
1, 1599283200, 0.052207
1, 1599287296, 0.052439
1, 1599291392, 0.052672
1, 1599295488, 0.052905
1, 1599299584, 0.053139
1, 1599303680, 0.053374
1, 1599307776, 0.053609
1, 1599311872, 0.053846
1, 1599315968, 0.054082
1, 1599320064, 0.054320
1, 1599324160, 0.054558
1, 1599328256, 0.054796
1, 1599332352, 0.055036
1, 1599336448, 0.055276
1, 1599340544, 0.055517
1, 1599344640, 0.055758
1, 1599348736, 0.056000
1, 1599352832, 0.056243
1, 1599356928, 0.056486
1, 1599361024, 0.056731
1, 1599365120, 0.056975
1, 1599369216, 0.057221
1, 1599373312, 0.057467
1, 1599377408, 0.057714
1, 1599381504, 0.057961
1, 1599385600, 0.058209
1, 1599389696, 0.058458
1, 1599393792, 0.058708
1, 1599397888, 0.058958
1, 1599401984, 0.059209
1, 1599406080, 0.059460
1, 1599410176, 0.059713
1, 1599414272, 0.059966
1, 1599418368, 0.060219
1, 1599422464, 0.060473
1, 1599426560, 0.060728
1, 1599430656, 0.060984
1, 1599434752, 0.061240
1, 1599438848, 0.061498
1, 1599442944, 0.061755
1, 1599447040, 0.062014
1, 1599451136, 0.062273
1, 1599455232, 0.062533
1, 1599459328, 0.062793
1, 1599463424, 0.063055
1, 1599467520, 0.063317
1, 1599471616, 0.063579
1, 1599475712, 0.063842
1, 1599479808, 0.064106
1, 1599483904, 0.064371
1, 1599488000, 0.064636
1, 1599492096, 0.064903
1, 1599496192, 0.065169
1, 1599500288, 0.065437
1, 1599504384, 0.065705
1, 1599508480, 0.065974
1, 1599512576, 0.066244
1, 1599516672, 0.066514
1, 1599520768, 0.066785
1, 1599524864, 0.067057
1, 1599528960, 0.067330
1, 1599533056, 0.067603
1, 1599537152, 0.067877
1, 1599541248, 0.068152
1, 1599545344, 0.068427
1, 1599549440, 0.068703
1, 1599553536, 0.068980
1, 1599557632, 0.069258
1, 1599561728, 0.069536
1, 1599565824, 0.069815
1, 1599569920, 0.070095
1, 1599574016, 0.070375
1, 1599578112, 0.070657
1, 1599582208, 0.070938
1, 1599586304, 0.071221
1, 1599590400, 0.071504
1, 1599594496, 0.071789
1, 1599598592, 0.072073
1, 1599602688, 0.072359
1, 1599606784, 0.072645
1, 1599610880, 0.072932
1, 1599614976, 0.073220
1, 1599619072, 0.073508
1, 1599623168, 0.073798
1, 1599627264, 0.074088
1, 1599631360, 0.074378
1, 1599635456, 0.074670
1, 1599639552, 0.074962
1, 1599643648, 0.075255
1, 1599647744, 0.075548
1, 1599651840, 0.075842
1, 1599655936, 0.076138
1, 1599660032, 0.076433
1, 1599664128, 0.076730
1, 1599668224, 0.077027
1, 1599672320, 0.077325
1, 1599676416, 0.077624
1, 1599680512, 0.077923
1, 1599684608, 0.078223
1, 1599688704, 0.078524
1, 1599692800, 0.078826
1, 1599696896, 0.079128
1, 1599700992, 0.079431
1, 1599705088, 0.079735
1, 1599709184, 0.080040
1, 1599713280, 0.080345
1, 1599717376, 0.080652
1, 1599721472, 0.080959
1, 1599725568, 0.081266
1, 1599729664, 0.081575
1, 1599733760, 0.081884
1, 1599737856, 0.082194
1, 1599741952, 0.082505
1, 1599746048, 0.082816
1, 1599750144, 0.083128
1, 1599754240, 0.083441
1, 1599758336, 0.083755
1, 1599762432, 0.084070
1, 1599766528, 0.084385
1, 1599770624, 0.084701
1, 1599774720, 0.085018
1, 1599778816, 0.085335
1, 1599782912, 0.085654
1, 1599787008, 0.085973
1, 1599791104, 0.086293
1, 1599795200, 0.086613
1, 1599799296, 0.086935
1, 1599803392, 0.087257
1, 1599807488, 0.087580
1, 1599811584, 0.087903
1, 1599815680, 0.088228
1, 1599819776, 0.088553
1, 1599823872, 0.088879
1, 1599827968, 0.089206
1, 1599832064, 0.089534
1, 1599836160, 0.089862
1, 1599840256, 0.090191
1, 1599844352, 0.090521
1, 1599848448, 0.090852
1, 1599852544, 0.091183
1, 1599856640, 0.091515
1, 1599860736, 0.091848
1, 1599864832, 0.092182
1, 1599868928, 0.092517
1, 1599873024, 0.092852
1, 1599877120, 0.093188
1, 1599881216, 0.093525
1, 1599885312, 0.093863
1, 1599889408, 0.094201
1, 1599893504, 0.094541
1, 1599897600, 0.094881
1, 1599901696, 0.095222
1, 1599905792, 0.095563
1, 1599909888, 0.095906
1, 1599913984, 0.096249
1, 1599918080, 0.096593
1, 1599922176, 0.096938
1, 1599926272, 0.097284
1, 1599930368, 0.097630
1, 1599934464, 0.097977
1, 1599938560, 0.098325
1, 1599942656, 0.098674
1, 1599946752, 0.099024
1, 1599950848, 0.099375
1, 1599954944, 0.099726
1, 1599959040, 0.100078
1, 1599963136, 0.100431
1, 1599967232, 0.100785
1, 1599971328, 0.101140
1, 1599975424, 0.101495
1, 1599979520, 0.101851
1, 1599983616, 0.102208
1, 1599987712, 0.102566
1, 1599991808, 0.102925
1, 1599995904, 0.103285
1, 1600000000, 0.103645
1, 1600004096, 0.104006
1, 1600008192, 0.104368
1, 1600012288, 0.104731
1, 1600016384, 0.105094
1, 1600020480, 0.105458
1, 1600024576, 0.105823
1, 1600028672, 0.106189
1, 1600032768, 0.106556
1, 1600036864, 0.106923
1, 1600040960, 0.107292
1, 1600045056, 0.107661
1, 1600049152, 0.108031
1, 1600053248, 0.108402
1, 1600057344, 0.108773
1, 1600061440, 0.109146
1, 1600065536, 0.109520
1, 1600069632, 0.109894
1, 1600073728, 0.110269
1, 1600077824, 0.110645
1, 1600081920, 0.111022
1, 1600086016, 0.111400
1, 1600090112, 0.111778
1, 1600094208, 0.112158
1, 1600098304, 0.112538
1, 1600102400, 0.112919
1, 1600106496, 0.113301
1, 1600110592, 0.113684
1, 1600114688, 0.114068
1, 1600118784, 0.114452
1, 1600122880, 0.114838
1, 1600126976, 0.115224
1, 1600131072, 0.115611
1, 1600135168, 0.115999
1, 1600139264, 0.116388
1, 1600143360, 0.116778
1, 1600147456, 0.117168
1, 1600151552, 0.117560
1, 1600155648, 0.117952
1, 1600159744, 0.118345
1, 1600163840, 0.118739
1, 1600167936, 0.119134
1, 1600172032, 0.119530
1, 1600176128, 0.119927
1, 1600180224, 0.120324
1, 1600184320, 0.120723
1, 1600188416, 0.121122
1, 1600192512, 0.121522
1, 1600196608, 0.121923
1, 1600200704, 0.122325
1, 1600204800, 0.122728
1, 1600208896, 0.123131
1, 1600212992, 0.123536
1, 1600217088, 0.123941
1, 1600221184, 0.124347
1, 1600225280, 0.124754
1, 1600229376, 0.125162
1, 1600233472, 0.125571
1, 1600237568, 0.125980
1, 1600241664, 0.126391
1, 1600245760, 0.126802
1, 1600249856, 0.127214
1, 1600253952, 0.127627
1, 1600258048, 0.128041
1, 1600262144, 0.128456
1, 1600266240, 0.128872
1, 1600270336, 0.129289
1, 1600274432, 0.129706
1, 1600278528, 0.130125
1, 1600282624, 0.130544
1, 1600286720, 0.130964
1, 1600290816, 0.131385
1, 1600294912, 0.131807
1, 1600299008, 0.132230
1, 1600303104, 0.132654
1, 1600307200, 0.133078
1, 1600311296, 0.133504
1, 1600315392, 0.133930
1, 1600319488, 0.134357
1, 1600323584, 0.134785
1, 1600327680, 0.135214
1, 1600331776, 0.135644
1, 1600335872, 0.136075
1, 1600339968, 0.136507
1, 1600344064, 0.136939
1, 1600348160, 0.137373
1, 1600352256, 0.137807
1, 1600356352, 0.138243
1, 1600360448, 0.138679
1, 1600364544, 0.139116
1, 1600368640, 0.139555
1, 1600372736, 0.139994
1, 1600376832, 0.140434
1, 1600380928, 0.140875
1, 1600385024, 0.141316
1, 1600389120, 0.141759
1, 1600393216, 0.142202
1, 1600397312, 0.142647
1, 1600401408, 0.143092
1, 1600405504, 0.143539
1, 1600409600, 0.143986
1, 1600413696, 0.144434
1, 1600417792, 0.144883
1, 1600421888, 0.145333
1, 1600425984, 0.145784
1, 1600430080, 0.146236
1, 1600434176, 0.146688
1, 1600438272, 0.147142
1, 1600442368, 0.147596
1, 1600446464, 0.148052
1, 1600450560, 0.148508
1, 1600454656, 0.148966
1, 1600458752, 0.149424
1, 1600462848, 0.149883
1, 1600466944, 0.150343
1, 1600471040, 0.150804
1, 1600475136, 0.151266
1, 1600479232, 0.151728
1, 1600483328, 0.152192
1, 1600487424, 0.152657
1, 1600491520, 0.153122
1, 1600495616, 0.153589
1, 1600499712, 0.154056
1, 1600503808, 0.154525
1, 1600507904, 0.154994
1, 1600512000, 0.155464
1, 1600516096, 0.155935
1, 1600520192, 0.156408
1, 1600524288, 0.156881
1, 1600528384, 0.157355
1, 1600532480, 0.157830
1, 1600536576, 0.158305
1, 1600540672, 0.158782
1, 1600544768, 0.159260
1, 1600548864, 0.159739
1, 1600552960, 0.160219
1, 1600557056, 0.160699
1, 1600561152, 0.161181
1, 1600565248, 0.161664
1, 1600569344, 0.162147
1, 1600573440, 0.162631
1, 1600577536, 0.163117
1, 1600581632, 0.163603
1, 1600585728, 0.164091
1, 1600589824, 0.164579
1, 1600593920, 0.165068
1, 1600598016, 0.165558
1, 1600602112, 0.166049
1, 1600606208, 0.166542
1, 1600610304, 0.167035
1, 1600614400, 0.167529
1, 1600618496, 0.168024
1, 1600622592, 0.168520
1, 1600626688, 0.169017
1, 1600630784, 0.169515
1, 1600634880, 0.170014
1, 1600638976, 0.170514
1, 1600643072, 0.171015
1, 1600647168, 0.171517
1, 1600651264, 0.172020
1, 1600655360, 0.172523
1, 1600659456, 0.173028
1, 1600663552, 0.173534
1, 1600667648, 0.174041
1, 1600671744, 0.174548
1, 1600675840, 0.175057
1, 1600679936, 0.175567
1, 1600684032, 0.176077
1, 1600688128, 0.176589
1, 1600692224, 0.177101
1, 1600696320, 0.177614
1, 1600700416, 0.178129
1, 1600704512, 0.178644
1, 1600708608, 0.179160
1, 1600712704, 0.179678
1, 1600716800, 0.180196
1, 1600720896, 0.180715
1, 1600724992, 0.181235
1, 1600729088, 0.181757
1, 1600733184, 0.182279
1, 1600737280, 0.182802
1, 1600741376, 0.183326
1, 1600745472, 0.183851
1, 1600749568, 0.184377
1, 1600753664, 0.184904
1, 1600757760, 0.185432
1, 1600761856, 0.185961
1, 1600765952, 0.186491
1, 1600770048, 0.187022
1, 1600774144, 0.187554
1, 1600778240, 0.188087
1, 1600782336, 0.188621
1, 1600786432, 0.189156
1, 1600790528, 0.189692
1, 1600794624, 0.190229
1, 1600798720, 0.190767
1, 1600802816, 0.191305
1, 1600806912, 0.191845
1, 1600811008, 0.192386
1, 1600815104, 0.192928
1, 1600819200, 0.193471
1, 1600823296, 0.194015
1, 1600827392, 0.194560
1, 1600831488, 0.195106
1, 1600835584, 0.195653
1, 1600839680, 0.196200
1, 1600843776, 0.196749
1, 1600847872, 0.197300
1, 1600851968, 0.197851
1, 1600856064, 0.198403
1, 1600860160, 0.198956
1, 1600864256, 0.199511
1, 1600868352, 0.200066
1, 1600872448, 0.200622
1, 1600876544, 0.201180
1, 1600880640, 0.201738
1, 1600884736, 0.202297
1, 1600888832, 0.202858
1, 1600892928, 0.203420
1, 1600897024, 0.203982
1, 1600901120, 0.204546
1, 1600905216, 0.205111
1, 1600909312, 0.205677
1, 1600913408, 0.206243
1, 1600917504, 0.206811
1, 1600921600, 0.207380
1, 1600925696, 0.207950
1, 1600929792, 0.208522
1, 1600933888, 0.209094
1, 1600937984, 0.209667
1, 1600942080, 0.210241
1, 1600946176, 0.210817
1, 1600950272, 0.211393
1, 1600954368, 0.211971
1, 1600958464, 0.212550
1, 1600962560, 0.213129
1, 1600966656, 0.213710
1, 1600970752, 0.214292
1, 1600974848, 0.214875
1, 1600978944, 0.215459
1, 1600983040, 0.216043
1, 1600987136, 0.216629
1, 1600991232, 0.217217
1, 1600995328, 0.217805
1, 1600999424, 0.218394
1, 1601003520, 0.218984
1, 1601007616, 0.219575
1, 1601011712, 0.220168
1, 1601015808, 0.220761
1, 1601019904, 0.221356
1, 1601024000, 0.221951
1, 1601028096, 0.222548
1, 1601032192, 0.223146
1, 1601036288, 0.223745
1, 1601040384, 0.224344
1, 1601044480, 0.224945
1, 1601048576, 0.225547
1, 1601052672, 0.226150
1, 1601056768, 0.226754
1, 1601060864, 0.227359
1, 1601064960, 0.227965
1, 1601069056, 0.228573
1, 1601073152, 0.229181
1, 1601077248, 0.229790
1, 1601081344, 0.230400
1, 1601085440, 0.231012
1, 1601089536, 0.231624
1, 1601093632, 0.232238
1, 1601097728, 0.232853
1, 1601101824, 0.233468
1, 1601105920, 0.234085
1, 1601110016, 0.234703
1, 1601114112, 0.235322
1, 1601118208, 0.235942
1, 1601122304, 0.236563
1, 1601126400, 0.237185
1, 1601130496, 0.237809
1, 1601134592, 0.238433
1, 1601138688, 0.239059
1, 1601142784, 0.239686
1, 1601146880, 0.240313
1, 1601150976, 0.240942
1, 1601155072, 0.241572
1, 1601159168, 0.242204
1, 1601163264, 0.242836
1, 1601167360, 0.243469
1, 1601171456, 0.244104
1, 1601175552, 0.244739
1, 1601179648, 0.245376
1, 1601183744, 0.246013
1, 1601187840, 0.246652
1, 1601191936, 0.247292
1, 1601196032, 0.247933
1, 1601200128, 0.248575
1, 1601204224, 0.249219
1, 1601208320, 0.249863
1, 1601212416, 0.250509
1, 1601216512, 0.251155
1, 1601220608, 0.251803
1, 1601224704, 0.252452
1, 1601228800, 0.253102
1, 1601232896, 0.253753
1, 1601236992, 0.254405
1, 1601241088, 0.255058
1, 1601245184, 0.255713
1, 1601249280, 0.256368
1, 1601253376, 0.257025
1, 1601257472, 0.257682
1, 1601261568, 0.258341
1, 1601265664, 0.259001
1, 1601269760, 0.259662
1, 1601273856, 0.260324
1, 1601277952, 0.260987
1, 1601282048, 0.261652
1, 1601286144, 0.262317
1, 1601290240, 0.262984
1, 1601294336, 0.263651
1, 1601298432, 0.264320
1, 1601302528, 0.264990
1, 1601306624, 0.265661
1, 1601310720, 0.266333
1, 1601314816, 0.267007
1, 1601318912, 0.267681
1, 1601323008, 0.268357
1, 1601327104, 0.269033
1, 1601331200, 0.269711
1, 1601335296, 0.270390
1, 1601339392, 0.271070
1, 1601343488, 0.271751
1, 1601347584, 0.272434
1, 1601351680, 0.273117
1, 1601355776, 0.273802
1, 1601359872, 0.274487
1, 1601363968, 0.275174
1, 1601368064, 0.275862
1, 1601372160, 0.276552
1, 1601376256, 0.277242
1, 1601380352, 0.277934
1, 1601384448, 0.278626
1, 1601388544, 0.279320
1, 1601392640, 0.280015
1, 1601396736, 0.280711
1, 1601400832, 0.281409
1, 1601404928, 0.282107
1, 1601409024, 0.282807
1, 1601413120, 0.283507
1, 1601417216, 0.284209
1, 1601421312, 0.284913
1, 1601425408, 0.285617
1, 1601429504, 0.286322
1, 1601433600, 0.287029
1, 1601437696, 0.287737
1, 1601441792, 0.288445
1, 1601445888, 0.289155
1, 1601449984, 0.289867
1, 1601454080, 0.290579
1, 1601458176, 0.291293
1, 1601462272, 0.292007
1, 1601466368, 0.292723
1, 1601470464, 0.293440
1, 1601474560, 0.294158
1, 1601478656, 0.294878
1, 1601482752, 0.295598
1, 1601486848, 0.296320
1, 1601490944, 0.297043
1, 1601495040, 0.297767
1, 1601499136, 0.298492
1, 1601503232, 0.299218
1, 1601507328, 0.299946
1, 1601511424, 0.300674
1, 1601515520, 0.301404
1, 1601519616, 0.302135
1, 1601523712, 0.302867
1, 1601527808, 0.303600
1, 1601531904, 0.304334
1, 1601536000, 0.305070
1, 1601540096, 0.305807
1, 1601544192, 0.306545
1, 1601548288, 0.307284
1, 1601552384, 0.308025
1, 1601556480, 0.308766
1, 1601560576, 0.309509
1, 1601564672, 0.310253
1, 1601568768, 0.310998
1, 1601572864, 0.311745
1, 1601576960, 0.312492
1, 1601581056, 0.313241
1, 1601585152, 0.313991
1, 1601589248, 0.314742
1, 1601593344, 0.315494
1, 1601597440, 0.316248
1, 1601601536, 0.317002
1, 1601605632, 0.317758
1, 1601609728, 0.318515
1, 1601613824, 0.319274
1, 1601617920, 0.320033
1, 1601622016, 0.320794
1, 1601626112, 0.321556
1, 1601630208, 0.322319
1, 1601634304, 0.323084
1, 1601638400, 0.323849
1, 1601642496, 0.324616
1, 1601646592, 0.325384
1, 1601650688, 0.326154
1, 1601654784, 0.326924
1, 1601658880, 0.327696
1, 1601662976, 0.328469
1, 1601667072, 0.329243
1, 1601671168, 0.330019
1, 1601675264, 0.330795
1, 1601679360, 0.331573
1, 1601683456, 0.332352
1, 1601687552, 0.333133
1, 1601691648, 0.333914
1, 1601695744, 0.334697
1, 1601699840, 0.335481
1, 1601703936, 0.336267
1, 1601708032, 0.337053
1, 1601712128, 0.337841
1, 1601716224, 0.338630
1, 1601720320, 0.339420
1, 1601724416, 0.340212
1, 1601728512, 0.341004
1, 1601732608, 0.341798
1, 1601736704, 0.342593
1, 1601740800, 0.343389
1, 1601744896, 0.344187
1, 1601748992, 0.344985
1, 1601753088, 0.345785
1, 1601757184, 0.346586
1, 1601761280, 0.347388
1, 1601765376, 0.348192
1, 1601769472, 0.348997
1, 1601773568, 0.349803
1, 1601777664, 0.350610
1, 1601781760, 0.351419
1, 1601785856, 0.352229
1, 1601789952, 0.353040
1, 1601794048, 0.353852
1, 1601798144, 0.354666
1, 1601802240, 0.355481
1, 1601806336, 0.356297
1, 1601810432, 0.357115
1, 1601814528, 0.357933
1, 1601818624, 0.358753
1, 1601822720, 0.359574
1, 1601826816, 0.360397
1, 1601830912, 0.361220
1, 1601835008, 0.362045
1, 1601839104, 0.362871
1, 1601843200, 0.363698
1, 1601847296, 0.364527
1, 1601851392, 0.365357
1, 1601855488, 0.366188
1, 1601859584, 0.367020
1, 1601863680, 0.367854
1, 1601867776, 0.368689
1, 1601871872, 0.369525
1, 1601875968, 0.370363
1, 1601880064, 0.371202
1, 1601884160, 0.372042
1, 1601888256, 0.372883
1, 1601892352, 0.373726
1, 1601896448, 0.374570
1, 1601900544, 0.375415
1, 1601904640, 0.376262
1, 1601908736, 0.377109
1, 1601912832, 0.377958
1, 1601916928, 0.378808
1, 1601921024, 0.379660
1, 1601925120, 0.380512
1, 1601929216, 0.381366
1, 1601933312, 0.382221
1, 1601937408, 0.383078
1, 1601941504, 0.383936
1, 1601945600, 0.384795
1, 1601949696, 0.385655
1, 1601953792, 0.386516
1, 1601957888, 0.387379
1, 1601961984, 0.388243
1, 1601966080, 0.389109
1, 1601970176, 0.389976
1, 1601974272, 0.390844
1, 1601978368, 0.391713
1, 1601982464, 0.392584
1, 1601986560, 0.393456
1, 1601990656, 0.394329
1, 1601994752, 0.395203
1, 1601998848, 0.396079
1, 1602002944, 0.396956
1, 1602007040, 0.397834
1, 1602011136, 0.398714
1, 1602015232, 0.399595
1, 1602019328, 0.400477
1, 1602023424, 0.401361
1, 1602027520, 0.402246
1, 1602031616, 0.403132
1, 1602035712, 0.404019
1, 1602039808, 0.404908
1, 1602043904, 0.405799
1, 1602048000, 0.406690
1, 1602052096, 0.407583
1, 1602056192, 0.408477
1, 1602060288, 0.409373
1, 1602064384, 0.410270
1, 1602068480, 0.411168
1, 1602072576, 0.412067
1, 1602076672, 0.412968
1, 1602080768, 0.413870
1, 1602084864, 0.414773
1, 1602088960, 0.415678
1, 1602093056, 0.416583
1, 1602097152, 0.417490
1, 1602101248, 0.418399
1, 1602105344, 0.419309
1, 1602109440, 0.420220
1, 1602113536, 0.421132
1, 1602117632, 0.422046
1, 1602121728, 0.422961
1, 1602125824, 0.423877
1, 1602129920, 0.424795
1, 1602134016, 0.425714
1, 1602138112, 0.426634
1, 1602142208, 0.427555
1, 1602146304, 0.428478
1, 1602150400, 0.429402
1, 1602154496, 0.430327
1, 1602158592, 0.431254
1, 1602162688, 0.432182
1, 1602166784, 0.433112
1, 1602170880, 0.434043
1, 1602174976, 0.434975
1, 1602179072, 0.435908
1, 1602183168, 0.436843
1, 1602187264, 0.437779
1, 1602191360, 0.438717
1, 1602195456, 0.439656
1, 1602199552, 0.440596
1, 1602203648, 0.441538
1, 1602207744, 0.442481
1, 1602211840, 0.443425
1, 1602215936, 0.444371
1, 1602220032, 0.445318
